place,latitude,longitude
East Saint Louis, St Clair, Illinois, USA,38.6245,-90.1501
New Hope, Minnesota, USA,45.0386,-93.3527
Atlanta, Georgia, USA,33.7490,-84.3880
Minneapolis, Minnesota, USA,44.9778,-93.2650
Saint Louis County, Missouri, USA,38.5997,-90.3217
Cape Girardeau, MO,37.3059,-89.5181
Queens, New York City, New York, USA,40.7282,-73.7949
Caruthersville, Missouri, USA,36.1845,-89.6556
Hayti, Pemiscot, Missouri, USA,36.2331,-89.7473
Little Prairie, Pemiscot, Missouri, USA,36.1920,-89.6781
Mississippi, USA,32.3547,-89.3985
Meadville, Franklin, Mississippi, USA,31.4727,-90.8937
Beat 3, Jefferson, Mississippi, USA,31.7000,-91.0333
Rural, Franklin, Mississippi,31.4727,-90.8937
Beat 1, Franklin, Mississippi, USA,31.4727,-90.8937
Natchez, Adams, Mississippi, USA,31.5602,-91.4032
Roxie, Franklin, Mississippi, USA,31.4627,-91.0651
Adams, Mississippi, USA,31.5602,-91.4032
Smithdale Fr, Mississippi,31.3832,-90.4448
Nashville, TN,36.1627,-86.7816
Madison, TN,36.2565,-86.7156
Utica, Hinds, Mississippi,32.1077,-90.6276
Detroit, MI,42.3314,-83.0458
Dallas, TX,32.7767,-96.7970
Golden Lake Twp, Wilson, Mississippi, Arkansas, USA,35.5612,-90.0484
Cooter, Pemiscot, Missouri, USA,36.0570,-89.7973
Sikeston, Missouri, USA,36.8767,-89.5879
Blytheville, Arkansas, USA,35.9270,-89.9187
Quincy, Illinois, USA,39.9356,-91.4099
Flint, Genesee County, Michigan, United States of America,43.0125,-83.6875
Memphis, Tennessee, USA,35.1495,-90.0490
Chicago, Cook, Illinois, USA,41.8781,-87.6298
Little Prairie Township, Pemiscot, Missouri, USA,36.1920,-89.6781
