Kit1,Kit2,Chr,Start,End,cM,SNPs
GU1800109,Ira,1,1,1,29.2,20
A082033,148.4,1,1,1,1,43
A292160,Floyd,1,1,1,247.6,83
DL8010615,Kristopher,1,1,2,39.8,21
FX5788577,April,1,1,1,241.2,60
M734492,Heather,1,1,1,148.4,46
MR7497990,1	2	1	43	1	-	1	1	1	1	1	1	1	1	-	-	-	1,1,1,1,241.2,60
A569397,Colton,1,1,1,247.6,60
UK6363170,1	1	1	1	1	1	1	-	1	1	1	1	1	1	1	1	1	1,1,1,1,33.8,20
CL7099498,1	2	1	1	2	1	1	1	-	1	1	1	1	1	1	1	1	1,1,1,1,23.6,22
T887039,Ray,1,1,2,82.7,61
CQ8873340,1	1	1	1	1	1	1	1	1	1	-	1	2	1	-	-	-	1,1,1,1,18.1,18
FQ5372611,Valmai,1,1,1,24.8,21
A430294,Tammy,1,1,1,21.8,24
M475719,1	1	1	2	1	1	1	1	1	1	1	1	1	-	1	1	1	1,1,1,1,44.9,21
A971045,Linda,2,2,1,41.5,20
A620967,Speed,1,1,1,281.5,43
A707304,Annie,1,1,1,281.5,44
A472985,Robert,1,1,1,44.9,20
