file,line,start,end,cM,row_preview
C:\Users\irato\OneDrive\Documents\genealogy.2\genealogy-\outputs\dnapainter_import.csv,161,135474690,156584397,22.1,GU1800109;4;135474690;156584397;22.1;one_to_one_combined_perfect
C:\Users\irato\OneDrive\Documents\genealogy.2\genealogy-\outputs\dnapainter_import.csv,270,134784379,156555835,22.5,GU1800109;4;134784379;156555835;22.5;one_to_one_combined_perfect
C:\Users\irato\OneDrive\Documents\genealogy.2\genealogy-\outputs\dnapainter_import.csv,288,135438724,156563407,22.1,GU1800109;4;135438724;156563407;22.1;one_to_one_combined_perfect
C:\Users\irato\OneDrive\Documents\genealogy.2\genealogy-\outputs\dnapainter_import.csv,293,135475307,156575786,22.0,GU1800109;4;135475307;156575786;22.0;one_to_one_combined_perfect
C:\Users\irato\OneDrive\Documents\genealogy.2\genealogy-\outputs\dnapainter_import.csv,594,135474690,156584397,22.1,GU1800109;4;135474690;156584397;22.1;one_to_one_combined_perfect
C:\Users\irato\OneDrive\Documents\genealogy.2\genealogy-\outputs\dnapainter_import.csv,703,134784379,156555835,22.5,GU1800109;4;134784379;156555835;22.5;one_to_one_combined_perfect
C:\Users\irato\OneDrive\Documents\genealogy.2\genealogy-\outputs\dnapainter_import.csv,721,135438724,156563407,22.1,GU1800109;4;135438724;156563407;22.1;one_to_one_combined_perfect
C:\Users\irato\OneDrive\Documents\genealogy.2\genealogy-\outputs\dnapainter_import.csv,726,135475307,156575786,22.0,GU1800109;4;135475307;156575786;22.0;one_to_one_combined_perfect
C:\Users\irato\OneDrive\Documents\genealogy.2\genealogy-\outputs\one_to_one_combined_perfect.csv,161,135474690,156584397,22.1,GU1800109;;4;135474690;156584397;22.1;2563
C:\Users\irato\OneDrive\Documents\genealogy.2\genealogy-\outputs\one_to_one_combined_perfect.csv,270,134784379,156555835,22.5,GU1800109;;4;134784379;156555835;22.5;926
C:\Users\irato\OneDrive\Documents\genealogy.2\genealogy-\outputs\one_to_one_combined_perfect.csv,288,135438724,156563407,22.1,GU1800109;;4;135438724;156563407;22.1;792
C:\Users\irato\OneDrive\Documents\genealogy.2\genealogy-\outputs\one_to_one_combined_perfect.csv,293,135475307,156575786,22.0,GU1800109;;4;135475307;156575786;22.0;1754
C:\Users\irato\OneDrive\Documents\genealogy.2\genealogy-\outputs\one_to_one_combined_perfect.csv,594,135474690,156584397,22.1,GU1800109;;4;135474690;156584397;22.1;2563
C:\Users\irato\OneDrive\Documents\genealogy.2\genealogy-\outputs\one_to_one_combined_perfect.csv,703,134784379,156555835,22.5,GU1800109;;4;134784379;156555835;22.5;926
C:\Users\irato\OneDrive\Documents\genealogy.2\genealogy-\outputs\one_to_one_combined_perfect.csv,721,135438724,156563407,22.1,GU1800109;;4;135438724;156563407;22.1;792
C:\Users\irato\OneDrive\Documents\genealogy.2\genealogy-\outputs\one_to_one_combined_perfect.csv,726,135475307,156575786,22.0,GU1800109;;4;135475307;156575786;22.0;1754
C:\Users\irato\OneDrive\Documents\genealogy.2\genealogy-\outputs\one_to_one_combined_perfect.csv,1600,135474690,156584397,22.1,;;4;135474690;156584397;22.1;2563
C:\Users\irato\OneDrive\Documents\genealogy.2\genealogy-\outputs\one_to_one_combined_perfect.csv,1751,134784379,156555835,22.5,;;4;134784379;156555835;22.5;926
C:\Users\irato\OneDrive\Documents\genealogy.2\genealogy-\outputs\one_to_one_combined_perfect.csv,2165,135474690,156584397,22.1,;;4;135474690;156584397;22.1;2563
C:\Users\irato\OneDrive\Documents\genealogy.2\genealogy-\outputs\one_to_one_combined_perfect.csv,2169,135475307,156575786,22.0,;;4;135475307;156575786;22.0;1754
C:\Users\irato\OneDrive\Documents\genealogy.2\genealogy-\outputs\one_to_one_combined_perfect.csv,2860,135474690,156584397,22.1,;;4;135474690;156584397;22.1;2563
C:\Users\irato\OneDrive\Documents\genealogy.2\genealogy-\outputs\one_to_one_combined_perfect.csv,2865,135475307,156575786,22.0,;;4;135475307;156575786;22.0;1754
C:\Users\irato\OneDrive\Documents\genealogy.2\genealogy-\outputs\one_to_one_combined_perfect.csv,3263,135475307,156575786,22.0,;;4;135475307;156575786;22.0;1754
C:\Users\irato\OneDrive\Documents\genealogy.2\genealogy-\outputs\one_to_one_combined_perfect.csv,3650,134784379,156555835,22.5,;;4;134784379;156555835;22.5;926
C:\Users\irato\OneDrive\Documents\genealogy.2\genealogy-\outputs\one_to_one_combined_perfect.csv,3651,135438724,156563407,22.1,;;4;135438724;156563407;22.1;792
C:\Users\irato\OneDrive\Documents\genealogy.2\genealogy-\outputs\one_to_one_combined_perfect.csv,3652,135475307,156575786,22.0,;;4;135475307;156575786;22.0;1754
C:\Users\irato\OneDrive\Documents\genealogy.2\genealogy-\outputs\one_to_one_combined_perfect.csv,3658,135474690,156584397,22.1,;;4;135474690;156584397;22.1;2563
C:\Users\irato\OneDrive\Documents\genealogy.2\genealogy-\outputs\one_to_one_combined_perfect.csv,3761,135474690,156584397,22.1,;;4;135474690;156584397;22.1;2563
C:\Users\irato\OneDrive\Documents\genealogy.2\genealogy-\outputs\one_to_one_combined_perfect.csv,3780,134784379,156555835,22.5,;;4;134784379;156555835;22.5;926
C:\Users\irato\OneDrive\Documents\genealogy.2\genealogy-\outputs\one_to_one_combined_perfect.csv,4067,140802689,156918475,16.1,;;4;140802689;156918475;16.1;2297
C:\Users\irato\OneDrive\Documents\genealogy.2\genealogy-\outputs\one_to_one_combined_perfect.csv,4079,134784379,156555835,22.5,;;4;134784379;156555835;22.5;926
C:\Users\irato\OneDrive\Documents\genealogy.2\genealogy-\outputs\one_to_one_combined_perfect.csv,4081,135475307,156575786,22.0,;;4;135475307;156575786;22.0;1754
C:\Users\irato\OneDrive\Documents\genealogy.2\genealogy-\outputs\one_to_one_combined_perfect.csv,4280,135474690,156584397,22.1,;;4;135474690;156584397;22.1;2563
C:\Users\irato\OneDrive\Documents\genealogy.2\genealogy-\outputs\one_to_one_combined_perfect.csv,4283,135438724,156563407,22.1,;;4;135438724;156563407;22.1;792
C:\Users\irato\OneDrive\Documents\genealogy.2\genealogy-\outputs\one_to_one_combined_perfect.csv,4375,135438724,156563407,22.1,;;4;135438724;156563407;22.1;792
C:\Users\irato\OneDrive\Documents\genealogy.2\genealogy-\outputs\one_to_one_combined_perfect.csv,4758,134784379,156555835,22.5,;;4;134784379;156555835;22.5;926
C:\Users\irato\OneDrive\Documents\genealogy.2\genealogy-\outputs\one_to_one_combined_perfect.csv,5024,135474690,156584397,22.1,;;4;135474690;156584397;22.1;2563
C:\Users\irato\OneDrive\Documents\genealogy.2\genealogy-\outputs\one_to_one_combined_perfect.csv,5025,135475307,156575786,22.0,;;4;135475307;156575786;22.0;1754
C:\Users\irato\OneDrive\Documents\genealogy.2\genealogy-\outputs\one_to_one_combined_perfect.csv,5401,134784379,156555835,22.5,;;4;134784379;156555835;22.5;926
C:\Users\irato\OneDrive\Documents\genealogy.2\genealogy-\outputs\one_to_one_combined_perfect.csv,5663,135474690,156584397,22.1,;;4;135474690;156584397;22.1;2563
C:\Users\irato\OneDrive\Documents\genealogy.2\genealogy-\outputs\one_to_one_combined_perfect.csv,5664,135438724,156563407,22.1,;;4;135438724;156563407;22.1;792
C:\Users\irato\OneDrive\Documents\genealogy.2\genealogy-\outputs\one_to_one_combined_perfect.csv,5665,135475307,156575786,22.0,;;4;135475307;156575786;22.0;1754
C:\Users\irato\OneDrive\Documents\genealogy.2\genealogy-\outputs\one_to_one_combined_perfect.csv,5674,134784379,156555835,22.5,;;4;134784379;156555835;22.5;926
C:\Users\irato\OneDrive\Documents\genealogy.2\genealogy-\outputs\one_to_one_combined_perfect.csv,5749,134784379,156555835,22.5,;;4;134784379;156555835;22.5;926
C:\Users\irato\OneDrive\Documents\genealogy.2\genealogy-\outputs\one_to_one_combined_perfect.csv,6061,135474690,156584397,22.1,;;4;135474690;156584397;22.1;2563
C:\Users\irato\OneDrive\Documents\genealogy.2\genealogy-\outputs\one_to_one_combined_perfect.csv,6062,134784379,156555835,22.5,;;4;134784379;156555835;22.5;926
C:\Users\irato\OneDrive\Documents\genealogy.2\genealogy-\outputs\one_to_one_combined_perfect.csv,6063,135475307,156575786,22.0,;;4;135475307;156575786;22.0;1754
C:\Users\irato\OneDrive\Documents\genealogy.2\genealogy-\outputs\one_to_one_combined_perfect.csv,6066,135438724,156563407,22.1,;;4;135438724;156563407;22.1;792
C:\Users\irato\OneDrive\Documents\genealogy.2\genealogy-\outputs\one_to_one_combined_perfect.csv,6163,135474690,156584397,22.1,;;4;135474690;156584397;22.1;2563
C:\Users\irato\OneDrive\Documents\genealogy.2\genealogy-\outputs\one_to_one_combined_perfect.csv,6164,134784379,156555835,22.5,;;4;134784379;156555835;22.5;926
C:\Users\irato\OneDrive\Documents\genealogy.2\genealogy-\outputs\one_to_one_combined_perfect.csv,6165,135438724,156563407,22.1,;;4;135438724;156563407;22.1;792
C:\Users\irato\OneDrive\Documents\genealogy.2\genealogy-\outputs\one_to_one_combined_perfect.csv,6170,135475307,156575786,22.0,;;4;135475307;156575786;22.0;1754
C:\Users\irato\OneDrive\Documents\genealogy.2\genealogy-\outputs\one_to_one_combined_perfect.csv,6631,134784379,156555835,22.5,;;4;134784379;156555835;22.5;926
C:\Users\irato\OneDrive\Documents\genealogy.2\genealogy-\outputs\one_to_one_combined_perfect.csv,7540,140802689,156918475,16.1,;;4;140802689;156918475;16.1;2297
C:\Users\irato\OneDrive\Documents\genealogy.2\genealogy-\outputs\one_to_one_combined_perfect.csv,7888,140802689,156918475,16.1,;;4;140802689;156918475;16.1;2297
C:\Users\irato\OneDrive\Documents\genealogy.2\genealogy-\outputs\one_to_one_combined_perfect.csv,8172,140802689,156918475,16.1,;;4;140802689;156918475;16.1;2297
C:\Users\irato\OneDrive\Documents\genealogy.2\genealogy-\outputs\one_to_one_combined_perfect.csv,8586,135475307,156575786,22.0,;;4;135475307;156575786;22.0;1754
C:\Users\irato\OneDrive\Documents\genealogy.2\genealogy-\outputs\one_to_one_combined_perfect.csv,8646,134784379,156555835,22.5,;;4;134784379;156555835;22.5;926
C:\Users\irato\OneDrive\Documents\genealogy.2\genealogy-\outputs\one_to_one_combined_perfect.csv,8654,134784379,156555835,22.5,;;4;134784379;156555835;22.5;926
C:\Users\irato\OneDrive\Documents\genealogy.2\genealogy-\outputs\one_to_one_combined_perfect.csv,8655,135475307,156575786,22.0,;;4;135475307;156575786;22.0;1754
C:\Users\irato\OneDrive\Documents\genealogy.2\genealogy-\outputs\one_to_one_combined_perfect.csv,9050,135475307,156575786,22.0,;;4;135475307;156575786;22.0;1754
C:\Users\irato\OneDrive\Documents\genealogy.2\genealogy-\outputs\one_to_one_combined_perfect.csv,9086,134784379,156555835,22.5,;;4;134784379;156555835;22.5;926
