Rank,Kit,MatchName,TotalTriangulatedcM,TriHits,EstimatedRelationship,ClusterGroup,Sources
1,A717492,A717492,20000,1517,,,"triang_1257462371.csv,triang_1710113373.csv,triang_423444393.csv"
2,A773941,A773941,19932,1511,,,"triang_1257462371.csv,triang_1710113373.csv,triang_423444393.csv"
3,T686724,T686724,19881,1511,,,"triang_1257462371.csv,triang_1710113373.csv,triang_423444393.csv"
4,A639550,A639550,19843,1522,,,"triang_1257462371.csv,triang_1710113373.csv,triang_423444393.csv"
5,A648215,A648215,19832,1522,,,"triang_1257462371.csv,triang_1710113373.csv,triang_423444393.csv"
6,A931069,A931069,19681,1507,,,"triang_1257462371.csv,triang_1710113373.csv,triang_423444393.csv"
7,T280006,T280006,19617,1523,,,"triang_1257462371.csv,triang_1710113373.csv,triang_423444393.csv"
8,A005587,A005587,19521,1507,,,"triang_1257462371.csv,triang_1710113373.csv,triang_423444393.csv"
9,A931689,A931689,19402,1512,,,"triang_1257462371.csv,triang_1710113373.csv,triang_423444393.csv"
10,KS9453940,KS9453940,19299,1502,,,"triang_1257462371.csv,triang_1710113373.csv,triang_423444393.csv"
11,BW4660552,BW4660552,18567,1457,,,"triang_1257462371.csv,triang_1710113373.csv,triang_423444393.csv"
12,NH2439271,NH2439271,17839,1375,,,"triang_1257462371.csv,triang_1710113373.csv,triang_423444393.csv"
13,M228239,M228239,16948,1327,,,"triang_1257462371.csv,triang_1710113373.csv,triang_423444393.csv"
14,T551029,T551029,16178,1291,,,"triang_1257462371.csv,triang_1710113373.csv,triang_423444393.csv"
15,M394541,M394541,16169,1297,,,"triang_1257462371.csv,triang_1710113373.csv,triang_423444393.csv"
16,A521194,A521194,15879,1313,,,"triang_1710113373.csv,triang_423444393.csv"
17,A086150,A086150,15193,919,,,"triang_1257462371.csv,triang_1710113373.csv,triang_423444393.csv,triang_627700260 (version 1).xlsb.csv"
18,WV2802939,WV2802939,14811,1266,,,"triang_1710113373.csv,triang_423444393.csv"
19,M099204,M099204,14778,898,,,"triang_1257462371.csv,triang_1710113373.csv,triang_423444393.csv,triang_627700260 (version 1).xlsb.csv"
20,A709765,A709765,14598,1304,,,"triang_1710113373.csv,triang_423444393.csv"
21,AN9982138,AN9982138,14221,931,,,"triang_1257462371.csv,triang_1710113373.csv,triang_423444393.csv,triang_627700260 (version 1).xlsb.csv"
22,A328644,A328644,13234,886,,,"triang_1257462371.csv,triang_1710113373.csv,triang_423444393.csv,triang_627700260 (version 1).xlsb.csv"
23,SL1436980,SL1436980,13201,886,,,"triang_1257462371.csv,triang_1710113373.csv,triang_423444393.csv,triang_627700260 (version 1).xlsb.csv"
24,A476395,A476395,13181,881,,,"triang_1257462371.csv,triang_1710113373.csv,triang_423444393.csv,triang_627700260 (version 1).xlsb.csv"
25,CB3913825,CB3913825,13028,790,,,"triang_1257462371.csv,triang_1710113373.csv,triang_423444393.csv,triang_627700260 (version 1).xlsb.csv"
26,TM219256C1,TM219256C1,13005,867,,,"triang_1257462371.csv,triang_1710113373.csv,triang_423444393.csv,triang_627700260 (version 1).xlsb.csv"
27,A659870,A659870,12793,869,,,"triang_1257462371.csv,triang_1710113373.csv,triang_423444393.csv,triang_627700260 (version 1).xlsb.csv"
28,A844449,A844449,12770,876,,,"triang_1257462371.csv,triang_1710113373.csv,triang_423444393.csv,triang_627700260 (version 1).xlsb.csv"
29,A313753,A313753,12711,1157,,,"triang_1710113373.csv,triang_423444393.csv"
30,DV8910884,DV8910884,11814,816,,,"triang_1257462371.csv,triang_1710113373.csv,triang_423444393.csv"
31,WE1549796,WE1549796,11772,811,,,"triang_1257462371.csv,triang_1710113373.csv,triang_423444393.csv"
32,GA1652891,GA1652891,11745,1114,,,"triang_1710113373.csv,triang_423444393.csv"
33,A552487,A552487,11447,1090,,,"triang_1710113373.csv,triang_423444393.csv"
34,A554223,A554223,11428,1109,,,"triang_1710113373.csv,triang_423444393.csv"
35,M218101,M218101,11392,786,,,"triang_1257462371.csv,triang_1710113373.csv,triang_423444393.csv,triang_627700260 (version 1).xlsb.csv"
36,A320094,A320094,11392,1091,,,"triang_1710113373.csv,triang_423444393.csv"
37,FD7446847,FD7446847,11389,1121,,,"triang_1710113373.csv,triang_423444393.csv"
38,NA4500104,NA4500104,11232,946,,,"triang_1257462371.csv,triang_1710113373.csv,triang_423444393.csv"
39,A224647,A224647,11176,1071,,,"triang_1710113373.csv,triang_423444393.csv"
40,A624504,A624504,11131,1083,,,"triang_1710113373.csv,triang_423444393.csv"
41,A354010,A354010,11065,941,,,"triang_1257462371.csv,triang_1710113373.csv,triang_423444393.csv"
42,ZN5838098,ZN5838098,11053,786,,,"triang_1257462371.csv,triang_1710113373.csv,triang_423444393.csv"
43,A921682,A921682,10981,941,,,"triang_1257462371.csv,triang_1710113373.csv,triang_423444393.csv"
44,XZ4575410,XZ4575410,10894,748,,,"triang_1257462371.csv,triang_1710113373.csv,triang_423444393.csv"
45,LM2714784,LM2714784,10892,782,,,"triang_1257462371.csv,triang_1710113373.csv,triang_423444393.csv"
46,A444574,A444574,10787,1043,,,"triang_1710113373.csv,triang_423444393.csv"
47,M787262,M787262,10721,1025,,,"triang_1710113373.csv,triang_423444393.csv"
48,KH1219893,KH1219893,10720,1051,,,"triang_1710113373.csv,triang_423444393.csv"
49,TZ9129944,TZ9129944,10592,1185,,,"triang_1257462371.csv,triang_1710113373.csv,triang_423444393.csv"
50,TG9536093,TG9536093,10306,711,,,"triang_1257462371.csv,triang_1710113373.csv,triang_423444393.csv"
51,ZH6160968,ZH6160968,10243,1071,,,"triang_1710113373.csv,triang_423444393.csv"
52,M373623,M373623,10113,1020,,,"triang_1710113373.csv,triang_423444393.csv"
53,BY3448748,BY3448748,10109,738,,,"triang_1257462371.csv,triang_1710113373.csv,triang_423444393.csv"
54,M600838,M600838,9980,814,,,"triang_1257462371.csv,triang_1710113373.csv,triang_423444393.csv,triang_627700260 (version 1).xlsb.csv"
55,A598285,A598285,9912,1017,,,"triang_1710113373.csv,triang_423444393.csv"
56,YM4124154,YM4124154,9629,696,,,"triang_1257462371.csv,triang_1710113373.csv,triang_423444393.csv"
57,CD2149359,CD2149359,9620,909,,,"triang_1710113373.csv,triang_423444393.csv"
58,M195758,M195758,9551,694,,,"triang_1257462371.csv,triang_1710113373.csv,triang_423444393.csv"
59,DZ9007397,DZ9007397,9444,752,,,"triang_1257462371.csv,triang_1710113373.csv,triang_423444393.csv"
60,T052136,T052136,9432,721,,,"triang_1257462371.csv,triang_1710113373.csv,triang_423444393.csv"
61,A916026,A916026,9281,744,,,"triang_1257462371.csv,triang_1710113373.csv,triang_423444393.csv"
62,M112402,M112402,9137,633,,,"triang_1257462371.csv,triang_1710113373.csv,triang_423444393.csv"
63,A701092,A701092,9115,892,,,"triang_1710113373.csv,triang_423444393.csv"
64,A699608,A699608,8483,702,,,"triang_1257462371.csv,triang_1710113373.csv,triang_423444393.csv"
65,XC7342743,XC7342743,8180,525,,,"triang_1257462371.csv,triang_1710113373.csv,triang_423444393.csv"
66,A701383,A701383,8154,525,,,"triang_1257462371.csv,triang_1710113373.csv,triang_423444393.csv,triang_627700260 (version 1).xlsb.csv"
67,NV4106555,NV4106555,8079,516,,,"triang_1257462371.csv,triang_1710113373.csv,triang_423444393.csv,triang_627700260 (version 1).xlsb.csv"
68,JA9379956,JA9379956,8074,885,,,"triang_1710113373.csv,triang_423444393.csv"
69,NL8701182,NL8701182,7932,511,,,"triang_1257462371.csv,triang_1710113373.csv,triang_423444393.csv"
70,A230467,A230467,7798,429,,,"triang_1257462371.csv,triang_1710113373.csv,triang_423444393.csv,triang_627700260 (version 1).xlsb.csv"
71,DQ3002585,DQ3002585,7761,591,,,"triang_1257462371.csv,triang_1710113373.csv,triang_423444393.csv"
72,TD3665641,TD3665641,7754,429,,,"triang_1257462371.csv,triang_1710113373.csv,triang_423444393.csv,triang_627700260 (version 1).xlsb.csv"
73,DL8010615,Kristopher (DL8010615),7700,362,,,"triang_1257462371.csv,triang_1710113373.csv,triang_423444393.csv,triang_627700260 (version 1).xlsb.csv"
74,A598788,A598788,7636,528,,,"triang_1257462371.csv,triang_1710113373.csv,triang_423444393.csv"
75,A014085,A014085,7514,516,,,"triang_1257462371.csv,triang_1710113373.csv,triang_423444393.csv"
76,SW7045093,SW7045093,7496,518,,,"triang_1257462371.csv,triang_1710113373.csv,triang_423444393.csv"
77,A566677,A566677,7489,512,,,"triang_1257462371.csv,triang_1710113373.csv,triang_423444393.csv"
78,A903193,A903193,7462,515,,,"triang_1257462371.csv,triang_1710113373.csv,triang_423444393.csv"
79,A082033,148.4 (A082033),7417,363,,,"triang_1257462371.csv,triang_1710113373.csv,triang_423444393.csv,triang_627700260 (version 1).xlsb.csv"
80,FW8281046,FW8281046,7338,462,,,"triang_1257462371.csv,triang_1710113373.csv,triang_423444393.csv,triang_627700260 (version 1).xlsb.csv"
81,JV6606150,JV6606150,7308,735,,,"triang_1257462371.csv,triang_1710113373.csv,triang_423444393.csv"
82,HQ1725146,HQ1725146,7237,440,,,"triang_1257462371.csv,triang_1710113373.csv,triang_423444393.csv,triang_627700260 (version 1).xlsb.csv"
83,T234149,T234149,7220,500,,,"triang_1257462371.csv,triang_1710113373.csv,triang_423444393.csv"
84,A379418,A379418,7212,540,,,"triang_1257462371.csv,triang_1710113373.csv,triang_423444393.csv"
85,A909195,A909195,7130,514,,,"triang_1257462371.csv,triang_1710113373.csv,triang_423444393.csv"
86,A741451,A741451,6937,518,,,"triang_1257462371.csv,triang_1710113373.csv,triang_423444393.csv"
87,M734492,Heather (M734492),6905,334,,,"triang_1257462371.csv,triang_1710113373.csv,triang_423444393.csv,triang_627700260 (version 1).xlsb.csv"
88,TG3834008,TG3834008,6895,520,,,"triang_1257462371.csv,triang_1710113373.csv,triang_423444393.csv"
89,UM4572003,UM4572003,6810,508,,,"triang_1257462371.csv,triang_1710113373.csv,triang_423444393.csv"
90,ZA8569338,ZA8569338,6716,661,,,triang_423444393.csv
91,H941748,H941748,6637,484,,,"triang_1710113373.csv,triang_423444393.csv"
92,A569397,Colton (A569397),6620,346,,,"triang_1257462371.csv,triang_1710113373.csv,triang_423444393.csv,triang_627700260 (version 1).xlsb.csv"
93,MA2958703,MA2958703,6603,479,,,"triang_1710113373.csv,triang_423444393.csv"
94,AF2138179,AF2138179,6582,479,,,"triang_1710113373.csv,triang_423444393.csv"
95,WV7552502,WV7552502,6567,500,,,"triang_1257462371.csv,triang_1710113373.csv,triang_423444393.csv"
96,A424505,A424505,6518,484,,,"triang_1710113373.csv,triang_423444393.csv"
97,A436221,A436221,6508,634,,,triang_423444393.csv
98,CL7099498,1	2	1	1	2	1	1	1	-	1	1	1	1	1	1	1	1	1 (CL7099498),6490,346,,,"triang_1257462371.csv,triang_1710113373.csv,triang_423444393.csv,triang_627700260 (version 1).xlsb.csv"
99,QA6183759,QA6183759,6489,631,,,triang_423444393.csv
100,EL3986103,EL3986103,6477,484,,,"triang_1710113373.csv,triang_423444393.csv"
101,ZQ7884773,ZQ7884773,6399,474,,,"triang_1710113373.csv,triang_423444393.csv"
102,BJ5114222,BJ5114222,6393,484,,,"triang_1710113373.csv,triang_423444393.csv"
103,HD3898576,HD3898576,6344,422,,,"triang_1257462371.csv,triang_1710113373.csv,triang_423444393.csv,triang_627700260 (version 1).xlsb.csv"
104,LU6072783,LU6072783,6248,612,,,triang_423444393.csv
105,UK6363170,1	1	1	1	1	1	1	-	1	1	1	1	1	1	1	1	1	1 (UK6363170),6247,306,,,"triang_1257462371.csv,triang_1710113373.csv,triang_423444393.csv,triang_627700260 (version 1).xlsb.csv"
106,A741085,A741085,6241,401,,,"triang_1257462371.csv,triang_1710113373.csv,triang_423444393.csv"
107,UY4242990,UY4242990,6240,446,,,"triang_1257462371.csv,triang_1710113373.csv,triang_423444393.csv"
108,A746294,A746294,6240,446,,,"triang_1257462371.csv,triang_1710113373.csv,triang_423444393.csv"
109,A537629,A537629,6223,599,,,triang_423444393.csv
110,ZQ1158671,ZQ1158671,6216,599,,,triang_423444393.csv
111,A965891,A965891,6212,446,,,"triang_1257462371.csv,triang_1710113373.csv,triang_423444393.csv"
112,A344015,A344015,6178,601,,,triang_423444393.csv
113,TW8133679,TW8133679,6153,601,,,triang_423444393.csv
114,UN5137751,UN5137751,6150,601,,,triang_423444393.csv
115,A718284,A718284,6143,590,,,"triang_1257462371.csv,triang_1710113373.csv,triang_423444393.csv"
116,A816568,A816568,6099,441,,,"triang_1257462371.csv,triang_1710113373.csv,triang_423444393.csv"
117,A826188,A826188,6092,441,,,"triang_1257462371.csv,triang_1710113373.csv,triang_423444393.csv"
118,MU7715852,MU7715852,6087,441,,,"triang_1257462371.csv,triang_1710113373.csv,triang_423444393.csv"
119,T887039,Ray (T887039),5970,321,,,"triang_1257462371.csv,triang_1710113373.csv,triang_423444393.csv,triang_627700260 (version 1).xlsb.csv"
120,M105551,M105551,5964,464,,,"triang_1710113373.csv,triang_423444393.csv"
121,M151908,M151908,5961,604,,,triang_423444393.csv
122,BJ6219679,BJ6219679,5932,536,,,"triang_1710113373.csv,triang_423444393.csv"
123,FX5788577,April (FX5788577),5922,337,,,"triang_1257462371.csv,triang_1710113373.csv,triang_423444393.csv"
124,MR7497990,1	2	1	43	1	-	1	1	1	1	1	1	1	1	-	-	-	1 (MR7497990),5922,337,,,"triang_1257462371.csv,triang_1710113373.csv,triang_423444393.csv"
125,A818599,A818599,5907,436,,,"triang_1257462371.csv,triang_1710113373.csv,triang_423444393.csv"
126,CS6385688,CS6385688,5903,436,,,"triang_1257462371.csv,triang_1710113373.csv,triang_423444393.csv"
127,YJ9780094,YJ9780094,5800,431,,,"triang_1257462371.csv,triang_1710113373.csv,triang_423444393.csv"
128,A340301,A340301,5795,591,,,triang_423444393.csv
129,A592886,A592886,5791,431,,,"triang_1257462371.csv,triang_1710113373.csv,triang_423444393.csv"
130,H367161,H367161,5734,585,,,triang_423444393.csv
131,M672756,M672756,5663,585,,,triang_423444393.csv
132,CT3351717,CT3351717,5647,629,,,triang_423444393.csv
133,HP1566927,HP1566927,5645,381,,,"triang_1257462371.csv,triang_137266628.csv,triang_1710113373.csv,triang_423444393.csv"
134,M094522,M094522,5630,585,,,triang_423444393.csv
135,A063414,A063414,5619,563,,,triang_423444393.csv
136,FU8421328,FU8421328,5594,573,,,triang_423444393.csv
137,A071817,A071817,5591,564,,,triang_423444393.csv
138,A124824,A124824,5587,571,,,triang_423444393.csv
139,A566291,A566291,5575,562,,,triang_423444393.csv
140,T863773,T863773,5527,584,,,triang_423444393.csv
141,M258235,M258235,5501,556,,,"triang_1710113373.csv,triang_2031184975.csv,triang_423444393.csv"
142,AF5550850,AF5550850,5501,556,,,"triang_1710113373.csv,triang_2031184975.csv,triang_423444393.csv"
143,MC1988848,MC1988848,5478,553,,,triang_423444393.csv
144,A292160,Floyd (A292160),5454,300,,,"triang_1257462371.csv,triang_1710113373.csv,triang_423444393.csv,triang_627700260 (version 1).xlsb.csv"
145,PK4119738,PK4119738,5449,474,,,"triang_1710113373.csv,triang_423444393.csv"
146,UW7320198,UW7320198,5399,341,,,"triang_1257462371.csv,triang_1710113373.csv,triang_423444393.csv"
147,QB2794757,QB2794757,5339,551,,,triang_423444393.csv
148,PH5520561,PH5520561,5298,564,,,triang_423444393.csv
149,A896236,A896236,5255,564,,,triang_423444393.csv
150,A779762,A779762,5235,363,,,"triang_1257462371.csv,triang_137266628.csv,triang_1710113373.csv,triang_423444393.csv"
151,A086163,A086163,5212,553,,,triang_423444393.csv
152,M202211,M202211,5205,558,,,triang_423444393.csv
153,A214547,A214547,5152,275,,,"triang_1257462371.csv,triang_1710113373.csv,triang_423444393.csv,triang_627700260 (version 1).xlsb.csv"
154,A970926,A970926,5120,569,,,triang_423444393.csv
155,A263254,A263254,5085,547,,,triang_423444393.csv
156,GS3701469,GS3701469,5063,542,,,triang_423444393.csv
157,A809687,A809687,5060,385,,,"triang_1257462371.csv,triang_137266628.csv,triang_1710113373.csv,triang_423444393.csv"
158,A477084,A477084,4952,405,,,"triang_1710113373.csv,triang_423444393.csv"
159,FR2325234,FR2325234,4873,453,,,"triang_1710113373.csv,triang_423444393.csv"
160,WT2059831,WT2059831,4829,393,,,"triang_1710113373.csv,triang_423444393.csv"
161,XS6219078,XS6219078,4797,341,,,"triang_1257462371.csv,triang_1710113373.csv,triang_423444393.csv"
162,A201425,A201425,4763,341,,,"triang_1257462371.csv,triang_1710113373.csv,triang_423444393.csv"
163,MN8416514,MN8416514,4718,559,,,triang_423444393.csv
164,PX1278345,PX1278345,4706,363,,,"triang_1257462371.csv,triang_137266628.csv,triang_1710113373.csv,triang_423444393.csv"
165,T506107,T506107,4684,538,,,triang_423444393.csv
166,TT3286582,TT3286582,4522,363,,,"triang_1257462371.csv,triang_137266628.csv,triang_1710113373.csv,triang_423444393.csv"
167,FQ5372611,Valmai (FQ5372611),4495,227,,,"triang_1257462371.csv,triang_1710113373.csv,triang_423444393.csv,triang_627700260 (version 1).xlsb.csv"
168,A087790,A087790,4425,330,,,"triang_1257462371.csv,triang_1710113373.csv,triang_423444393.csv"
169,A567859,A567859,4419,326,,,"triang_1257462371.csv,triang_1710113373.csv,triang_423444393.csv"
170,T015334,T015334,4415,330,,,"triang_1257462371.csv,triang_1710113373.csv,triang_423444393.csv"
171,TG6596694,TG6596694,4349,297,,,"triang_1257462371.csv,triang_1710113373.csv,triang_423444393.csv"
172,HN1979416,HN1979416,4222,292,,,"triang_1257462371.csv,triang_1710113373.csv,triang_423444393.csv"
173,A832962,A832962,4171,352,,,"triang_1710113373.csv,triang_423444393.csv"
174,A051548,A051548,4123,287,,,"triang_1257462371.csv,triang_1710113373.csv,triang_423444393.csv"
175,GF2464706,GF2464706,4066,292,,,"triang_1257462371.csv,triang_1710113373.csv,triang_423444393.csv"
176,A976474,A976474,4027,470,,,triang_423444393.csv
177,A282527,A282527,4021,266,,,"triang_1257462371.csv,triang_1710113373.csv,triang_423444393.csv"
178,WE6338994,WE6338994,4012,266,,,"triang_1257462371.csv,triang_1710113373.csv,triang_423444393.csv"
179,A809300,A809300,4005,266,,,"triang_1257462371.csv,triang_1710113373.csv,triang_423444393.csv"
180,A442792,A442792,3943,264,,,"triang_1257462371.csv,triang_1710113373.csv,triang_423444393.csv"
181,M382592,M382592,3880,391,,,"triang_1710113373.csv,triang_423444393.csv"
182,M890682,M890682,3853,342,,,"triang_1710113373.csv,triang_423444393.csv"
183,NH6222997,NH6222997,3824,374,,,"triang_1710113373.csv,triang_423444393.csv"
184,QE915104C1,QE915104C1,3794,297,,,"triang_1257462371.csv,triang_1710113373.csv,triang_423444393.csv"
185,BG1521285,BG1521285,3780,356,,,"triang_1710113373.csv,triang_423444393.csv"
186,M992057,M992057,3742,352,,,"triang_1710113373.csv,triang_423444393.csv"
187,A106372,A106372,3737,403,,,"triang_1257462371.csv,triang_1710113373.csv,triang_423444393.csv"
188,A802320,A802320,3732,275,,,"triang_1257462371.csv,triang_1710113373.csv,triang_423444393.csv"
189,A838063,A838063,3687,352,,,"triang_1710113373.csv,triang_423444393.csv"
190,DY6732887,DY6732887,3673,216,,,"triang_1257462371.csv,triang_1710113373.csv,triang_423444393.csv"
191,PN5190008,PN5190008,3671,216,,,"triang_1257462371.csv,triang_1710113373.csv,triang_423444393.csv"
192,PV7754314,PV7754314,3662,484,,,triang_423444393.csv
193,M785419,M785419,3656,275,,,"triang_1257462371.csv,triang_1710113373.csv,triang_423444393.csv"
194,G804479,G804479,3656,435,,,triang_423444393.csv
195,EM5846938,EM5846938,3647,231,,,"triang_1257462371.csv,triang_1710113373.csv,triang_423444393.csv,triang_627700260 (version 1).xlsb.csv"
196,XX4258844,XX4258844,3644,216,,,"triang_1257462371.csv,triang_1710113373.csv,triang_423444393.csv"
197,A408604,A408604,3617,242,,,"triang_1257462371.csv,triang_1710113373.csv,triang_423444393.csv"
198,AT3188257,AT3188257,3582,242,,,"triang_1257462371.csv,triang_1710113373.csv,triang_423444393.csv"
199,HH6259290,HH6259290,3580,242,,,"triang_1257462371.csv,triang_1710113373.csv,triang_423444393.csv"
200,CG2264974,CG2264974,3562,270,,,"triang_1710113373.csv,triang_423444393.csv"
201,M494564,M494564,3562,270,,,"triang_1710113373.csv,triang_423444393.csv"
202,A483766,A483766,3562,270,,,"triang_1710113373.csv,triang_423444393.csv"
203,T798949,T798949,3554,296,,,"triang_1257462371.csv,triang_1710113373.csv,triang_423444393.csv"
204,A745488,A745488,3551,270,,,"triang_1710113373.csv,triang_423444393.csv"
205,BT1924995,BT1924995,3551,270,,,"triang_1710113373.csv,triang_423444393.csv"
206,CB6478562,CB6478562,3551,270,,,"triang_1710113373.csv,triang_423444393.csv"
207,XH6907951,XH6907951,3533,297,,,"triang_137266628.csv,triang_1710113373.csv,triang_423444393.csv"
208,A540771,A540771,3505,342,,,"triang_1710113373.csv,triang_423444393.csv"
209,UJ8103425,UJ8103425,3499,275,,,"triang_1710113373.csv,triang_423444393.csv"
210,A705540,A705540,3499,275,,,"triang_1710113373.csv,triang_423444393.csv"
211,M082429,M082429,3444,265,,,"triang_1710113373.csv,triang_423444393.csv"
212,JL1289697,JL1289697,3439,265,,,"triang_1710113373.csv,triang_423444393.csv"
213,M352595,M352595,3246,308,,,"triang_137266628.csv,triang_1710113373.csv,triang_423444393.csv"
214,A342253,A342253,3236,320,,,"triang_1710113373.csv,triang_423444393.csv"
215,A189271,A189271,3209,242,,,"triang_1257462371.csv,triang_1710113373.csv,triang_423444393.csv"
216,A044456,A044456,3166,242,,,"triang_1257462371.csv,triang_1710113373.csv,triang_423444393.csv"
217,A222071,A222071,3126,253,,,"triang_1257462371.csv,triang_1710113373.csv,triang_423444393.csv"
218,A824237,A824237,3102,412,,,"triang_1710113373.csv,triang_423444393.csv"
219,RM7770135,RM7770135,3059,317,,,"triang_1710113373.csv,triang_423444393.csv"
220,M861732,M861732,3033,265,,,"triang_1710113373.csv,triang_423444393.csv"
221,WL9735709,WL9735709,3027,201,,,"triang_1257462371.csv,triang_1710113373.csv,triang_423444393.csv"
222,A241414,A241414,3026,265,,,"triang_1710113373.csv,triang_423444393.csv"
223,A436948,A436948,2917,308,,,"triang_1710113373.csv,triang_423444393.csv"
224,TA9556787,TA9556787,2879,304,,,"triang_137266628.csv,triang_1710113373.csv,triang_423444393.csv"
225,FH4688315,FH4688315,2836,242,,,"triang_1710113373.csv,triang_423444393.csv"
226,M356720,M356720,2825,281,,,triang_423444393.csv
227,A269507,A269507,2776,214,,,"triang_1257462371.csv,triang_1710113373.csv,triang_423444393.csv"
228,WE874170C1,WE874170C1,2759,196,,,"triang_1257462371.csv,triang_1710113373.csv,triang_423444393.csv"
229,HR7526845,HR7526845,2754,226,,,"triang_1710113373.csv,triang_423444393.csv"
230,FS6506440,FS6506440,2732,215,,,"triang_1710113373.csv,triang_423444393.csv"
231,A730658,A730658,2726,215,,,"triang_1710113373.csv,triang_423444393.csv"
232,A159092,A159092,2721,231,,,"triang_1257462371.csv,triang_1710113373.csv,triang_423444393.csv"
233,CJ7105230,CJ7105230,2680,187,,,"triang_1710113373.csv,triang_423444393.csv"
234,ZM5680278,ZM5680278,2680,187,,,"triang_1710113373.csv,triang_423444393.csv"
235,BG9185912,BG9185912,2662,288,,,triang_423444393.csv
236,A670407,A670407,2657,187,,,"triang_1710113373.csv,triang_423444393.csv"
237,FK5643059,FK5643059,2633,254,,,"triang_1257462371.csv,triang_1710113373.csv,triang_423444393.csv"
238,A605663,A605663,2621,220,,,"triang_1710113373.csv,triang_423444393.csv"
239,EG7611188,EG7611188,2613,183,,,"triang_1257462371.csv,triang_1710113373.csv,triang_423444393.csv"
240,A020637,A020637,2602,195,,,"triang_1710113373.csv,triang_423444393.csv"
241,QN8760094,QN8760094,2585,283,,,triang_423444393.csv
242,LR1447726,LR1447726,2581,183,,,"triang_1257462371.csv,triang_1710113373.csv,triang_423444393.csv"
243,WG4011399,WG4011399,2581,288,,,triang_423444393.csv
244,AR3872627,AR3872627,2556,220,,,"triang_1710113373.csv,triang_423444393.csv"
245,TJ5054086,TJ5054086,2554,220,,,"triang_1710113373.csv,triang_423444393.csv"
246,QC3466606,QC3466606,2546,199,,,"triang_1257462371.csv,triang_1710113373.csv,triang_423444393.csv"
247,XT5583147,XT5583147,2525,220,,,"triang_1710113373.csv,triang_423444393.csv"
248,A715132,A715132,2519,209,,,"triang_1710113373.csv,triang_423444393.csv"
249,XS4166890,XS4166890,2515,181,,,"triang_1257462371.csv,triang_1710113373.csv,triang_423444393.csv"
250,NK1218196,NK1218196,2501,183,,,"triang_1257462371.csv,triang_1710113373.csv,triang_423444393.csv"
251,T528909,T528909,2495,182,,,"triang_1257462371.csv,triang_1710113373.csv,triang_423444393.csv"
252,UL1373583,UL1373583,2484,192,,,"triang_1257462371.csv,triang_1710113373.csv,triang_423444393.csv"
253,A145531,A145531,2476,191,,,"triang_1257462371.csv,triang_1710113373.csv,triang_423444393.csv"
254,M540190,M540190,2470,272,,,triang_423444393.csv
255,EU9364247,EU9364247,2470,183,,,"triang_1257462371.csv,triang_1710113373.csv,triang_423444393.csv"
256,M643452,M643452,2461,178,,,"triang_1257462371.csv,triang_1710113373.csv,triang_423444393.csv"
257,A153640,A153640,2421,191,,,"triang_1257462371.csv,triang_1710113373.csv,triang_423444393.csv"
258,MK3153391,MK3153391,2409,222,,,triang_423444393.csv
259,A677591,A677591,2409,186,,,"triang_1257462371.csv,triang_1710113373.csv,triang_423444393.csv"
260,A373299,A373299,2402,278,,,triang_423444393.csv
261,WF7101185,WF7101185,2347,121,,,"triang_1257462371.csv,triang_1710113373.csv,triang_423444393.csv,triang_627700260 (version 1).xlsb.csv"
262,PQ8461638,PQ8461638,2312,218,,,triang_423444393.csv
263,AW6756343,AW6756343,2294,218,,,triang_423444393.csv
264,T156159,T156159,2281,183,,,"triang_1257462371.csv,triang_1710113373.csv,triang_423444393.csv"
265,A217726,A217726,2270,209,,,"triang_1257462371.csv,triang_137266628.csv,triang_1710113373.csv,triang_423444393.csv"
266,A376412,A376412,2266,216,,,triang_423444393.csv
267,A024619,A024619,2265,180,,,"triang_1257462371.csv,triang_1710113373.csv,triang_423444393.csv"
268,LF8212927,LF8212927,2254,200,,,"triang_1710113373.csv,triang_423444393.csv"
269,RX2207937,RX2207937,2242,415,,,triang_423444393.csv
270,A918677,A918677,2242,182,,,"triang_1257462371.csv,triang_1710113373.csv,triang_423444393.csv"
271,A221067,A221067,2206,220,,,triang_423444393.csv
272,HW9480031,HW9480031,2197,218,,,triang_423444393.csv
273,BZ1256140,BZ1256140,2192,210,,,triang_423444393.csv
274,KP5769380,KP5769380,2187,218,,,triang_423444393.csv
275,A225057,A225057,2184,166,,,"triang_1257462371.csv,triang_1710113373.csv,triang_423444393.csv"
276,A665963,A665963,2149,211,,,triang_423444393.csv
277,M807220,M807220,2148,169,,,"triang_1257462371.csv,triang_1710113373.csv,triang_423444393.csv"
278,HF4234490,HF4234490,2142,132,,,"triang_1257462371.csv,triang_1710113373.csv,triang_423444393.csv"
279,A451783,A451783,2142,132,,,"triang_1257462371.csv,triang_1710113373.csv,triang_423444393.csv"
280,A459409,A459409,2138,132,,,"triang_1257462371.csv,triang_1710113373.csv,triang_423444393.csv"
281,A693176,A693176,2138,132,,,"triang_1257462371.csv,triang_1710113373.csv,triang_423444393.csv"
282,A247158,A247158,2138,215,,,triang_423444393.csv
283,NM9410506,NM9410506,2136,205,,,triang_423444393.csv
284,EJ4926188,EJ4926188,2129,210,,,triang_423444393.csv
285,A357370,A357370,2108,215,,,triang_423444393.csv
286,YP9066606,YP9066606,2093,209,,,triang_423444393.csv
287,CQ8873340,1	1	1	1	1	1	1	1	1	1	-	1	2	1	-	-	-	1 (CQ8873340),2084,138,,,"triang_1257462371.csv,triang_1710113373.csv,triang_423444393.csv"
288,AT9198565,AT9198565,2057,204,,,triang_423444393.csv
289,A154327,A154327,2027,233,,,"triang_1710113373.csv,triang_423444393.csv"
290,YV1547337,YV1547337,1993,204,,,triang_423444393.csv
291,M846802,M846802,1993,176,,,"triang_1710113373.csv,triang_423444393.csv"
292,ZV2495472,ZV2495472,1937,165,,,"triang_1710113373.csv,triang_423444393.csv"
293,PV6928374,PV6928374,1896,132,,,"triang_1257462371.csv,triang_1710113373.csv,triang_423444393.csv"
294,A605751,A605751,1889,187,,,triang_423444393.csv
295,LL8273631,LL8273631,1883,106,,,"triang_1257462371.csv,triang_1710113373.csv,triang_423444393.csv,triang_627700260 (version 1).xlsb.csv"
296,A485015,A485015,1881,199,,,triang_423444393.csv
297,A146677,A146677,1880,225,,,"triang_1710113373.csv,triang_423444393.csv"
298,A181405,A181405,1797,166,,,"triang_1710113373.csv,triang_423444393.csv"
299,BX1508264,BX1508264,1785,121,,,"triang_1257462371.csv,triang_1710113373.csv,triang_423444393.csv"
300,M360951,M360951,1764,154,,,"triang_1710113373.csv,triang_423444393.csv"
301,HW2337925,HW2337925,1763,154,,,"triang_1710113373.csv,triang_423444393.csv"
302,A798489,A798489,1763,139,,,"triang_1710113373.csv,triang_423444393.csv"
303,A601086,A601086,1745,143,,,"triang_1257462371.csv,triang_137266628.csv,triang_1710113373.csv,triang_423444393.csv"
304,A622471,A622471,1742,139,,,"triang_1710113373.csv,triang_423444393.csv"
305,ZJ4272760,ZJ4272760,1742,139,,,"triang_1710113373.csv,triang_423444393.csv"
306,M130633,M130633,1738,189,,,"triang_1710113373.csv,triang_423444393.csv"
307,DN4610045,DN4610045,1735,143,,,"triang_1257462371.csv,triang_137266628.csv,triang_1710113373.csv,triang_423444393.csv"
308,M297536,M297536,1729,189,,,"triang_1710113373.csv,triang_423444393.csv"
309,MH5038785,MH5038785,1725,167,,,"triang_1257462371.csv,triang_1710113373.csv,triang_423444393.csv"
310,A916725,A916725,1716,200,,,triang_423444393.csv
311,A357048,A357048,1707,218,,,triang_423444393.csv
312,A782099,A782099,1707,137,,,"triang_1710113373.csv,triang_423444393.csv"
313,GD5167620,GD5167620,1697,155,,,"triang_1257462371.csv,triang_1710113373.csv,triang_423444393.csv"
314,LE5772825,LE5772825,1696,99,,,"triang_1257462371.csv,triang_1710113373.csv,triang_423444393.csv,triang_627700260 (version 1).xlsb.csv"
315,A952882,A952882,1692,218,,,triang_423444393.csv
316,WW9766345,WW9766345,1682,121,,,"triang_1257462371.csv,triang_1710113373.csv,triang_423444393.csv"
317,M605078,M605078,1659,177,,,triang_423444393.csv
318,DN5291156,DN5291156,1650,121,,,"triang_1257462371.csv,triang_1710113373.csv,triang_423444393.csv"
319,UF1647902,UF1647902,1644,171,,,"triang_1257462371.csv,triang_1710113373.csv,triang_423444393.csv"
320,SZ1273613,SZ1273613,1639,134,,,"triang_1710113373.csv,triang_423444393.csv"
321,A493990,A493990,1632,134,,,"triang_1710113373.csv,triang_423444393.csv"
322,A343170,A343170,1625,136,,,"triang_1710113373.csv,triang_423444393.csv"
323,A123757,A123757,1605,133,,,"triang_1710113373.csv,triang_423444393.csv"
324,A464863,A464863,1566,132,,,"triang_1710113373.csv,triang_423444393.csv"
325,JQ1367727,JQ1367727,1560,132,,,"triang_1710113373.csv,triang_423444393.csv"
326,LC5426774,LC5426774,1558,133,,,"triang_1710113373.csv,triang_423444393.csv"
327,KX1175300,KX1175300,1553,132,,,"triang_1710113373.csv,triang_423444393.csv"
328,H884407,H884407,1547,135,,,"triang_1710113373.csv,triang_423444393.csv"
329,A787355,A787355,1539,129,,,"triang_1710113373.csv,triang_423444393.csv"
330,A344802,A344802,1525,99,,,"triang_1257462371.csv,triang_1710113373.csv,triang_423444393.csv,triang_627700260 (version 1).xlsb.csv"
331,A744306,A744306,1522,133,,,"triang_1710113373.csv,triang_423444393.csv"
332,M378417,M378417,1516,121,,,"triang_1257462371.csv,triang_1710113373.csv,triang_423444393.csv"
333,A292698,A292698,1498,172,,,triang_423444393.csv
334,A115941,A115941,1485,132,,,"triang_1710113373.csv,triang_423444393.csv"
335,A054001,A054001,1484,136,,,"triang_1710113373.csv,triang_423444393.csv"
336,LZ9787255,LZ9787255,1483,132,,,triang_423444393.csv
337,GG2264709,GG2264709,1483,132,,,triang_423444393.csv
338,QU1374680,QU1374680,1483,132,,,triang_423444393.csv
339,M690757,M690757,1483,133,,,"triang_1710113373.csv,triang_423444393.csv"
340,NT1987265,NT1987265,1482,132,,,"triang_1710113373.csv,triang_423444393.csv"
341,M190741,M190741,1478,121,,,"triang_1710113373.csv,triang_423444393.csv"
342,M025320,M025320,1453,130,,,"triang_1710113373.csv,triang_423444393.csv"
343,A619254,A619254,1452,143,,,"triang_1257462371.csv,triang_1710113373.csv,triang_423444393.csv"
344,A590874,A590874,1449,99,,,"triang_1257462371.csv,triang_1710113373.csv,triang_423444393.csv"
345,A893397,A893397,1448,88,,,"triang_1257462371.csv,triang_1710113373.csv,triang_423444393.csv"
346,M780061,M780061,1437,139,,,triang_423444393.csv
347,A749123,A749123,1437,104,,,"triang_1257462371.csv,triang_1710113373.csv,triang_423444393.csv"
348,LY9164320,LY9164320,1437,104,,,"triang_1257462371.csv,triang_1710113373.csv,triang_423444393.csv"
349,WW3183569,WW3183569,1430,135,,,"triang_1710113373.csv,triang_423444393.csv"
350,ZH5168198,ZH5168198,1421,134,,,"triang_1710113373.csv,triang_423444393.csv"
351,A899608,A899608,1411,136,,,"triang_1710113373.csv,triang_423444393.csv"
352,ZQ6035913,ZQ6035913,1407,98,,,"triang_1257462371.csv,triang_1710113373.csv,triang_423444393.csv"
353,FB569558C1,FB569558C1,1401,138,,,triang_423444393.csv
354,AM2426543,AM2426543,1390,133,,,"triang_1710113373.csv,triang_423444393.csv"
355,A894372,A894372,1386,99,,,"triang_1257462371.csv,triang_1710113373.csv,triang_423444393.csv"
356,PV3490872,PV3490872,1383,132,,,"triang_1710113373.csv,triang_423444393.csv"
357,RF1169631,RF1169631,1381,128,,,"triang_1710113373.csv,triang_423444393.csv"
358,MK9397208,MK9397208,1378,89,,,"triang_1257462371.csv,triang_1710113373.csv,triang_423444393.csv,triang_627700260 (version 1).xlsb.csv"
359,A634855,A634855,1376,72,,,"triang_1257462371.csv,triang_137266628.csv,triang_1710113373.csv,triang_423444393.csv"
360,NE7851138,NE7851138,1345,132,,,triang_423444393.csv
361,EC1551873,EC1551873,1328,111,,,"triang_1710113373.csv,triang_423444393.csv"
362,M284028,M284028,1316,88,,,"triang_1257462371.csv,triang_1710113373.csv,triang_423444393.csv"
363,A090425,A090425,1313,88,,,"triang_1257462371.csv,triang_1710113373.csv,triang_423444393.csv"
364,HR5833554,HR5833554,1309,110,,,"triang_1257462371.csv,triang_1710113373.csv,triang_423444393.csv"
365,WQ7280390,WQ7280390,1305,88,,,"triang_1257462371.csv,triang_1710113373.csv,triang_423444393.csv"
366,A311945,A311945,1297,114,,,"triang_1710113373.csv,triang_423444393.csv"
367,DC1903199,DC1903199,1296,99,,,"triang_1257462371.csv,triang_1710113373.csv,triang_423444393.csv"
368,A200993,A200993,1295,99,,,"triang_1710113373.csv,triang_423444393.csv"
369,M113858,M113858,1295,99,,,"triang_1710113373.csv,triang_423444393.csv"
370,RY7401633,RY7401633,1291,112,,,"triang_1710113373.csv,triang_423444393.csv"
371,A095674,A095674,1291,112,,,"triang_1710113373.csv,triang_423444393.csv"
372,BP6377281,BP6377281,1290,99,,,"triang_1710113373.csv,triang_423444393.csv"
373,A722783,A722783,1290,99,,,"triang_1710113373.csv,triang_423444393.csv"
374,WL8812306,WL8812306,1289,121,,,triang_423444393.csv
375,NF8282058,NF8282058,1288,138,,,triang_423444393.csv
376,A516400,A516400,1280,121,,,triang_423444393.csv
377,FX3168979,FX3168979,1280,121,,,triang_423444393.csv
378,QG9155881,QG9155881,1268,77,,,"triang_1257462371.csv,triang_1710113373.csv,triang_423444393.csv"
379,NG2249717,NG2249717,1268,77,,,"triang_1257462371.csv,triang_1710113373.csv,triang_423444393.csv"
380,FQ7678133,FQ7678133,1232,151,,,triang_423444393.csv
381,M039881,M039881,1201,121,,,triang_423444393.csv
382,A899349,A899349,1197,121,,,triang_423444393.csv
383,ML3855273,ML3855273,1191,99,,,"triang_1710113373.csv,triang_423444393.csv"
384,PZ9145321,PZ9145321,1174,128,,,triang_423444393.csv
385,HF1084790,HF1084790,1174,99,,,"triang_1710113373.csv,triang_423444393.csv"
386,DJ6057994,DJ6057994,1164,110,,,triang_423444393.csv
387,LM7449947,LM7449947,1159,95,,,"triang_1710113373.csv,triang_423444393.csv"
388,A380941,A380941,1145,111,,,"triang_1710113373.csv,triang_423444393.csv"
389,DV196094C1,DV196094C1,1137,99,,,triang_423444393.csv
390,YS8863302,YS8863302,1132,66,,,"triang_1257462371.csv,triang_1710113373.csv,triang_423444393.csv"
391,ZQ6750145,ZQ6750145,1119,99,,,"triang_1710113373.csv,triang_423444393.csv"
392,ZX4031461,ZX4031461,1118,89,,,"triang_1257462371.csv,triang_1710113373.csv,triang_423444393.csv"
393,SM6533250,SM6533250,1117,96,,,"triang_1710113373.csv,triang_423444393.csv"
394,JX2009573,JX2009573,1111,99,,,triang_423444393.csv
395,M259302,M259302,1108,83,,,triang_423444393.csv
396,A103625,A103625,1104,100,,,"triang_1710113373.csv,triang_423444393.csv"
397,A077739,A077739,1100,110,,,"triang_137266628.csv,triang_423444393.csv"
398,M979238,M979238,1099,66,,,"triang_1257462371.csv,triang_1710113373.csv,triang_423444393.csv"
399,M809258,M809258,1076,66,,,"triang_1710113373.csv,triang_423444393.csv"
400,M959228,M959228,1076,66,,,"triang_1710113373.csv,triang_423444393.csv"
401,ZQ6309483,ZQ6309483,1075,77,,,"triang_1257462371.csv,triang_1710113373.csv,triang_423444393.csv"
402,M940436,M940436,1054,100,,,"triang_1710113373.csv,triang_423444393.csv"
403,PX2748024,PX2748024,1054,77,,,"triang_1257462371.csv,triang_1710113373.csv,triang_423444393.csv"
404,M567425,M567425,1049,100,,,"triang_1710113373.csv,triang_423444393.csv"
405,A119769,A119769,1043,73,,,"triang_1257462371.csv,triang_1710113373.csv,triang_423444393.csv"
406,AH2672185,AH2672185,1040,133,,,triang_423444393.csv
407,A352377,A352377,1039,99,,,triang_423444393.csv
408,A346625,A346625,1038,66,,,"triang_1710113373.csv,triang_423444393.csv"
409,A903579,A903579,1036,66,,,"triang_1710113373.csv,triang_423444393.csv"
410,XW3092176,XW3092176,1035,94,,,triang_423444393.csv
411,FL7019763,FL7019763,1032,104,,,triang_423444393.csv
412,A540357,A540357,1021,99,,,triang_423444393.csv
413,BS8508705,BS8508705,1013,124,,,"triang_1710113373.csv,triang_423444393.csv"
414,TR4979531,TR4979531,1012,124,,,"triang_1710113373.csv,triang_423444393.csv"
415,M810821,M810821,1010,88,,,"triang_1710113373.csv,triang_423444393.csv"
416,M976582,M976582,991,44,,,triang_627700260 (version 1).xlsb.csv
417,A417186,A417186,990,95,,,"triang_1257462371.csv,triang_1710113373.csv,triang_423444393.csv"
418,A430294,Tammy (A430294),979,60,,,"triang_1257462371.csv,triang_1710113373.csv,triang_423444393.csv,triang_627700260 (version 1).xlsb.csv"
419,SG7791594,SG7791594,977,94,,,triang_423444393.csv
420,A780402,A780402,971,111,,,triang_423444393.csv
421,AV1354826,AV1354826,969,124,,,"triang_1710113373.csv,triang_423444393.csv"
422,DP3510715,DP3510715,968,124,,,"triang_1710113373.csv,triang_423444393.csv"
423,RH9256432,RH9256432,963,77,,,"triang_1710113373.csv,triang_423444393.csv"
424,M041845,M041845,963,70,,,"triang_1257462371.csv,triang_1710113373.csv,triang_423444393.csv"
425,T624898,T624898,959,94,,,triang_423444393.csv
426,T880271,T880271,958,105,,,triang_423444393.csv
427,A401956,A401956,957,90,,,"triang_1257462371.csv,triang_1710113373.csv,triang_423444393.csv"
428,JZ3181461,JZ3181461,951,45,,,"triang_1257462371.csv,triang_1710113373.csv,triang_423444393.csv"
429,LL8878727,LL8878727,950,99,,,"triang_1710113373.csv,triang_423444393.csv"
430,A691736,A691736,950,111,,,triang_423444393.csv
431,A946792,A946792,949,77,,,"triang_1710113373.csv,triang_423444393.csv"
432,LE1988950,LE1988950,948,99,,,triang_423444393.csv
433,A089797,A089797,934,101,,,"triang_1710113373.csv,triang_423444393.csv"
434,RW3924448,RW3924448,926,66,,,"triang_1710113373.csv,triang_423444393.csv"
435,A889647,A889647,915,92,,,triang_423444393.csv
436,T178664,T178664,911,66,,,"triang_1710113373.csv,triang_423444393.csv"
437,T704336,T704336,909,153,,,triang_423444393.csv
438,A478397,A478397,905,91,,,triang_423444393.csv
439,H334438,H334438,900,66,,,"triang_1257462371.csv,triang_1710113373.csv,triang_423444393.csv"
440,H344142,H344142,895,66,,,"triang_1257462371.csv,triang_1710113373.csv,triang_423444393.csv"
441,QD8622567,QD8622567,875,88,,,"triang_1257462371.csv,triang_1710113373.csv,triang_423444393.csv"
442,KD5026343,KD5026343,871,66,,,"triang_1710113373.csv,triang_423444393.csv"
443,HY5761777,HY5761777,869,62,,,"triang_1257462371.csv,triang_1710113373.csv,triang_423444393.csv"
444,A647243,A647243,867,55,,,"triang_1257462371.csv,triang_1710113373.csv,triang_423444393.csv"
445,A786529,A786529,865,64,,,"triang_1710113373.csv,triang_423444393.csv"
446,QL8348479,QL8348479,865,64,,,"triang_1710113373.csv,triang_423444393.csv"
447,RJ4852423,RJ4852423,858,107,,,triang_423444393.csv
448,M478400,M478400,855,84,,,"triang_1257462371.csv,triang_1710113373.csv,triang_423444393.csv"
449,SG9498232,SG9498232,854,55,,,"triang_1257462371.csv,triang_1710113373.csv,triang_423444393.csv"
450,DV4607172,DV4607172,839,66,,,"triang_1710113373.csv,triang_423444393.csv"
451,M106908,M106908,837,66,,,"triang_1710113373.csv,triang_423444393.csv"
452,M332530,M332530,837,66,,,"triang_1710113373.csv,triang_423444393.csv"
453,A345786,A345786,826,66,,,"triang_1710113373.csv,triang_423444393.csv"
454,A332067,A332067,825,84,,,"triang_1257462371.csv,triang_1710113373.csv,triang_423444393.csv"
455,AY3018315,AY3018315,824,86,,,triang_423444393.csv
456,SW4656606,SW4656606,821,66,,,"triang_1710113373.csv,triang_423444393.csv"
457,XA1525044,XA1525044,821,77,,,"triang_1710113373.csv,triang_423444393.csv"
458,HA9770122,HA9770122,821,66,,,"triang_1710113373.csv,triang_423444393.csv"
459,MA657888C1,MA657888C1,820,77,,,triang_423444393.csv
460,NN9504017,NN9504017,819,62,,,"triang_1710113373.csv,triang_423444393.csv"
461,MV5080535,MV5080535,818,66,,,"triang_1710113373.csv,triang_423444393.csv"
462,TH7854711,TH7854711,818,66,,,"triang_1710113373.csv,triang_423444393.csv"
463,XU3845102,XU3845102,809,55,,,"triang_1257462371.csv,triang_1710113373.csv,triang_423444393.csv"
464,A466782,A466782,806,55,,,"triang_1257462371.csv,triang_1710113373.csv,triang_423444393.csv"
465,EA4901487,EA4901487,803,36,,,"triang_1710113373.csv,triang_423444393.csv"
466,JU1407832,JU1407832,799,78,,,"triang_1710113373.csv,triang_423444393.csv"
467,KA4318195,KA4318195,793,36,,,"triang_1257462371.csv,triang_1710113373.csv,triang_423444393.csv"
468,PH1251868,PH1251868,779,66,,,"triang_1710113373.csv,triang_423444393.csv"
469,A269267,A269267,776,77,,,triang_423444393.csv
470,A559315,A559315,773,77,,,triang_423444393.csv
471,GH7456555,GH7456555,773,77,,,triang_423444393.csv
472,A692625,A692625,771,77,,,triang_423444393.csv
473,TV1226993,TV1226993,767,77,,,triang_423444393.csv
474,A192851,A192851,763,66,,,"triang_1710113373.csv,triang_423444393.csv"
475,A977004,A977004,763,77,,,triang_423444393.csv
476,A480545,A480545,757,68,,,triang_423444393.csv
477,ZT9741255,ZT9741255,755,66,,,"triang_1710113373.csv,triang_423444393.csv"
478,M065923,M065923,755,78,,,"triang_1710113373.csv,triang_423444393.csv"
479,KS9357701,KS9357701,750,77,,,triang_423444393.csv
480,FC4802563,FC4802563,750,77,,,triang_423444393.csv
481,A263386,A263386,750,62,,,"triang_1257462371.csv,triang_1710113373.csv,triang_423444393.csv"
482,GF5194867,GF5194867,746,77,,,triang_423444393.csv
483,A658929,A658929,744,68,,,triang_423444393.csv
484,A443587,A443587,740,101,,,triang_423444393.csv
485,PP8152375,PP8152375,739,66,,,"triang_1710113373.csv,triang_423444393.csv"
486,TK9447836,TK9447836,729,77,,,triang_423444393.csv
487,A242337,A242337,716,55,,,"triang_1257462371.csv,triang_1710113373.csv,triang_423444393.csv"
488,M146339,M146339,715,70,,,"triang_1710113373.csv,triang_423444393.csv"
489,A635727,A635727,714,55,,,"triang_1257462371.csv,triang_1710113373.csv,triang_423444393.csv"
490,ZS8123634,ZS8123634,698,68,,,triang_423444393.csv
491,BG2214929,BG2214929,683,40,,,"triang_1257462371.csv,triang_1710113373.csv,triang_423444393.csv"
492,A215760,A215760,679,67,,,"triang_1710113373.csv,triang_423444393.csv"
493,M428184,M428184,677,67,,,"triang_1710113373.csv,triang_423444393.csv"
494,A720824,A720824,668,51,,,"triang_1710113373.csv,triang_423444393.csv"
495,DX8703579,DX8703579,658,72,,,triang_423444393.csv
496,M116117,M116117,656,44,,,"triang_137266628.csv,triang_1710113373.csv,triang_423444393.csv"
497,A128352,A128352,654,72,,,triang_423444393.csv
498,KA8656475,KA8656475,650,33,,,"triang_1257462371.csv,triang_1710113373.csv,triang_423444393.csv"
499,A812099,A812099,650,33,,,"triang_1257462371.csv,triang_1710113373.csv,triang_423444393.csv"
500,M759437,M759437,645,44,,,"triang_1710113373.csv,triang_423444393.csv"
501,RS5803621,RS5803621,638,44,,,"triang_1710113373.csv,triang_423444393.csv"
502,AW1558201,AW1558201,634,66,,,"triang_1710113373.csv,triang_423444393.csv"
503,DG6233348,DG6233348,634,44,,,"triang_1710113373.csv,triang_423444393.csv"
504,FU3014701,FU3014701,634,44,,,"triang_1710113373.csv,triang_423444393.csv"
505,A779431,A779431,633,64,,,triang_423444393.csv
506,GG4074464,GG4074464,629,44,,,"triang_1710113373.csv,triang_423444393.csv"
507,QJ5679383,QJ5679383,627,66,,,"triang_1710113373.csv,triang_423444393.csv"
508,A528547,A528547,621,55,,,triang_423444393.csv
509,ES5604299,ES5604299,616,88,,,"triang_1710113373.csv,triang_423444393.csv"
510,A285203,A285203,606,45,,,"triang_1710113373.csv,triang_423444393.csv"
511,HY1067534,HY1067534,602,40,,,"triang_1257462371.csv,triang_1710113373.csv,triang_423444393.csv"
512,A957400,A957400,601,66,,,triang_423444393.csv
513,A373429,A373429,598,50,,,"triang_1710113373.csv,triang_423444393.csv"
514,JU6809746,JU6809746,597,41,,,"triang_1257462371.csv,triang_1710113373.csv,triang_423444393.csv"
515,T468020,T468020,597,46,,,"triang_1710113373.csv,triang_423444393.csv"
516,M626597,M626597,586,48,,,"triang_1710113373.csv,triang_423444393.csv"
517,A783601,A783601,574,55,,,triang_423444393.csv
518,A652883,A652883,572,55,,,triang_423444393.csv
519,BF7297921,BF7297921,570,55,,,triang_423444393.csv
520,QW6801969,QW6801969,569,47,,,"triang_1710113373.csv,triang_423444393.csv"
521,MM1932627,MM1932627,568,66,,,triang_423444393.csv
522,RJ6741605,RJ6741605,566,138,,,triang_423444393.csv
523,KJ6924118,KJ6924118,565,66,,,"triang_1710113373.csv,triang_423444393.csv"
524,T401534,T401534,554,57,,,triang_423444393.csv
525,KD6839019,KD6839019,549,44,,,triang_423444393.csv
526,A721406,A721406,540,62,,,triang_423444393.csv
527,LF9812696,LF9812696,532,46,,,"triang_1710113373.csv,triang_423444393.csv"
528,CX6471178,CX6471178,521,33,,,"triang_1257462371.csv,triang_1710113373.csv,triang_423444393.csv"
529,DG1191676,DG1191676,521,33,,,"triang_1257462371.csv,triang_1710113373.csv,triang_423444393.csv"
530,YJ1373474,YJ1373474,519,56,,,"triang_1710113373.csv,triang_423444393.csv"
531,A488651,A488651,513,44,,,"triang_1710113373.csv,triang_423444393.csv"
532,A298765,A298765,512,44,,,"triang_1710113373.csv,triang_423444393.csv"
533,XK4690502,XK4690502,510,44,,,triang_423444393.csv
534,EX5134043,EX5134043,508,51,,,triang_423444393.csv
535,M304033,M304033,508,44,,,"triang_1710113373.csv,triang_423444393.csv"
536,GG5799506,GG5799506,508,44,,,"triang_1710113373.csv,triang_423444393.csv"
537,A242246,A242246,506,74,,,triang_423444393.csv
538,M448460,M448460,505,74,,,triang_423444393.csv
539,CS4301062,CS4301062,505,33,,,"triang_1710113373.csv,triang_423444393.csv"
540,A721707,A721707,505,74,,,triang_423444393.csv
541,XE7743181,XE7743181,498,49,,,triang_423444393.csv
542,PA1114510,PA1114510,495,41,,,"triang_1710113373.csv,triang_423444393.csv"
543,A576272,A576272,480,56,,,"triang_1710113373.csv,triang_423444393.csv"
544,RS2257306,RS2257306,477,44,,,"triang_1710113373.csv,triang_423444393.csv"
545,A681022,A681022,475,34,,,"triang_1710113373.csv,triang_423444393.csv"
546,A746286,A746286,473,56,,,"triang_1710113373.csv,triang_423444393.csv"
547,M602844,M602844,473,68,,,"triang_1710113373.csv,triang_423444393.csv"
548,A491753,A491753,471,44,,,triang_423444393.csv
549,A203246,A203246,470,44,,,triang_423444393.csv
550,A310677,A310677,470,44,,,triang_423444393.csv
551,A755939,A755939,470,44,,,triang_423444393.csv
552,QN2439575,QN2439575,469,44,,,triang_423444393.csv
553,M671238,M671238,468,44,,,triang_423444393.csv
554,WP3518742,WP3518742,465,44,,,triang_423444393.csv
555,A634415,A634415,464,50,,,triang_423444393.csv
556,DQ7307279,DQ7307279,462,80,,,triang_423444393.csv
557,SG7270990,SG7270990,459,33,,,"triang_1257462371.csv,triang_1710113373.csv,triang_423444393.csv"
558,CW4381013,CW4381013,453,44,,,triang_423444393.csv
559,KA3400584,KA3400584,453,44,,,triang_423444393.csv
560,SU8827936,SU8827936,451,58,,,triang_423444393.csv
561,A109826,A109826,446,33,,,triang_423444393.csv
562,A901947,A901947,444,44,,,"triang_1710113373.csv,triang_423444393.csv"
563,A988865,A988865,444,44,,,triang_423444393.csv
564,M585966,M585966,439,36,,,"triang_1710113373.csv,triang_423444393.csv"
565,AX3080722,AX3080722,439,33,,,"triang_1710113373.csv,triang_423444393.csv"
566,PA8815931,PA8815931,436,33,,,"triang_1710113373.csv,triang_423444393.csv"
567,M442824,M442824,426,33,,,"triang_1710113373.csv,triang_423444393.csv"
568,QE2060073,QE2060073,424,43,,,triang_423444393.csv
569,H289643,H289643,413,33,,,triang_423444393.csv
570,SA2476080,SA2476080,404,33,,,triang_423444393.csv
571,A981818,A981818,396,28,,,"triang_1257462371.csv,triang_1710113373.csv,triang_423444393.csv"
572,A231992,A231992,392,22,,,"triang_1710113373.csv,triang_423444393.csv"
573,DD2717291,DD2717291,392,22,,,"triang_1710113373.csv,triang_423444393.csv"
574,T944407,T944407,388,104,,,triang_423444393.csv
575,A720922,A720922,381,44,,,"triang_1710113373.csv,triang_423444393.csv"
576,FH8646527,FH8646527,375,28,,,"triang_1257462371.csv,triang_1710113373.csv,triang_423444393.csv"
577,UM4473235,UM4473235,367,25,,,"triang_1257462371.csv,triang_1710113373.csv,triang_423444393.csv"
578,A253750,A253750,366,33,,,triang_423444393.csv
579,H099404,H099404,365,33,,,triang_423444393.csv
580,A750443,A750443,357,50,,,"triang_1710113373.csv,triang_423444393.csv"
581,AL7166242,AL7166242,352,45,,,triang_423444393.csv
582,A665702,A665702,341,24,,,"triang_1710113373.csv,triang_423444393.csv"
583,SW6141514,SW6141514,341,24,,,"triang_1710113373.csv,triang_423444393.csv"
584,M452000,M452000,333,44,,,triang_423444393.csv
585,A640593,A640593,329,24,,,"triang_1710113373.csv,triang_423444393.csv"
586,A050308,A050308,327,27,,,"triang_1710113373.csv,triang_423444393.csv"
587,TQ9615060,TQ9615060,319,24,,,"triang_1257462371.csv,triang_1710113373.csv,triang_423444393.csv"
588,QT5956104,QT5956104,316,21,,,"triang_1257462371.csv,triang_1710113373.csv,triang_423444393.csv,triang_627700260 (version 1).xlsb.csv"
589,JV9681730,JV9681730,314,33,,,triang_423444393.csv
590,HJ3451604,HJ3451604,312,28,,,"triang_1257462371.csv,triang_1710113373.csv,triang_423444393.csv"
591,JY6779343,JY6779343,310,33,,,triang_423444393.csv
592,A487190,A487190,288,22,,,"triang_1710113373.csv,triang_423444393.csv"
593,MW6755258,MW6755258,288,22,,,"triang_1710113373.csv,triang_423444393.csv"
594,A559095,A559095,284,28,,,"triang_1710113373.csv,triang_423444393.csv"
595,CC7715218,CC7715218,279,22,,,"triang_1710113373.csv,triang_423444393.csv"
596,QG3366171,QG3366171,275,22,,,"triang_137266628.csv,triang_423444393.csv"
597,A592597,A592597,269,22,,,"triang_1710113373.csv,triang_423444393.csv"
598,CU8577344,CU8577344,268,33,,,"triang_1710113373.csv,triang_423444393.csv"
599,A059102,A059102,267,11,,,"triang_1257462371.csv,triang_1710113373.csv,triang_423444393.csv,triang_627700260 (version 1).xlsb.csv"
600,A243756,A243756,265,11,,,"triang_1257462371.csv,triang_1710113373.csv,triang_423444393.csv,triang_627700260 (version 1).xlsb.csv"
601,QV7180101,QV7180101,265,12,,,triang_1257462371.csv
602,T918579,T918579,265,20,,,"triang_1710113373.csv,triang_423444393.csv"
603,EZ7212971,EZ7212971,264,17,,,"triang_1257462371.csv,triang_1710113373.csv,triang_423444393.csv"
604,XB1446943,XB1446943,264,24,,,triang_423444393.csv
605,KP4856905,KP4856905,263,20,,,"triang_1710113373.csv,triang_423444393.csv"
606,ZN5201239,ZN5201239,260,22,,,"triang_1710113373.csv,triang_423444393.csv"
607,EZ3452777,EZ3452777,260,22,,,"triang_1710113373.csv,triang_423444393.csv"
608,A971024,A971024,243,28,,,triang_423444393.csv
609,JQ2271445,JQ2271445,240,15,,,"triang_1257462371.csv,triang_1710113373.csv,triang_423444393.csv"
610,A852483,A852483,240,22,,,triang_423444393.csv
611,DB3725485,DB3725485,240,15,,,"triang_1257462371.csv,triang_1710113373.csv,triang_423444393.csv"
612,A950317,A950317,239,22,,,triang_423444393.csv
613,M560159,M560159,234,33,,,"triang_1710113373.csv,triang_423444393.csv"
614,A219264,A219264,233,21,,,triang_423444393.csv
615,EH1584659,EH1584659,230,22,,,triang_423444393.csv
616,A915798,A915798,230,22,,,triang_423444393.csv
617,RB2159013,RB2159013,229,22,,,triang_423444393.csv
618,A814356,A814356,229,22,,,triang_423444393.csv
619,A134746,A134746,228,22,,,triang_423444393.csv
620,A893843,A893843,227,22,,,"triang_1710113373.csv,triang_423444393.csv"
621,CS2990932,CS2990932,224,22,,,triang_423444393.csv
622,WZ9632101,WZ9632101,222,14,,,"triang_1257462371.csv,triang_1710113373.csv,triang_423444393.csv"
623,A334621,A334621,221,11,,,"triang_1257462371.csv,triang_1710113373.csv,triang_423444393.csv,triang_627700260 (version 1).xlsb.csv"
624,TK9201491,TK9201491,214,14,,,"triang_1257462371.csv,triang_1710113373.csv,triang_423444393.csv"
625,EH1310117,EH1310117,211,22,,,"triang_1710113373.csv,triang_423444393.csv"
626,A610050,A610050,200,18,,,triang_423444393.csv
627,A883572,A883572,190,22,,,triang_423444393.csv
628,DD2097659,DD2097659,186,21,,,triang_423444393.csv
629,ZV3835534,ZV3835534,175,7,,,"triang_1257462371.csv,triang_1710113373.csv,triang_423444393.csv,triang_627700260 (version 1).xlsb.csv"
630,ER4711996,ER4711996,175,7,,,"triang_1257462371.csv,triang_1710113373.csv,triang_423444393.csv,triang_627700260 (version 1).xlsb.csv"
631,A889015,A889015,168,9,,,"triang_1257462371.csv,triang_1710113373.csv,triang_423444393.csv"
632,DF6278389,DF6278389,158,22,,,"triang_1710113373.csv,triang_423444393.csv"
633,A656857,A656857,153,21,,,"triang_1257462371.csv,triang_1710113373.csv,triang_423444393.csv"
634,AN8231767,AN8231767,142,17,,,triang_423444393.csv
635,TU5250332,TU5250332,140,10,,,"triang_1710113373.csv,triang_423444393.csv"
636,SL7204955,SL7204955,138,11,,,triang_423444393.csv
637,FD5455634,FD5455634,126,11,,,triang_423444393.csv
638,EW2677216,EW2677216,126,11,,,triang_423444393.csv
639,CS9643628,CS9643628,123,17,,,triang_423444393.csv
640,A593882,A593882,123,17,,,triang_423444393.csv
641,ZC5034295,ZC5034295,123,17,,,triang_423444393.csv
642,T586853,T586853,114,11,,,triang_423444393.csv
643,HG9298054,HG9298054,114,11,,,triang_423444393.csv
644,KW3274393,KW3274393,113,11,,,triang_423444393.csv
645,WH7335272,WH7335272,113,11,,,triang_423444393.csv
646,A060933,A060933,112,11,,,triang_423444393.csv
647,A122665,A122665,112,11,,,triang_423444393.csv
648,DV4931456,DV4931456,109,11,,,triang_423444393.csv
649,T774655,T774655,109,11,,,triang_423444393.csv
650,A571949,A571949,107,11,,,triang_423444393.csv
651,AD7828923,AD7828923,107,11,,,triang_423444393.csv
652,EU5288544,EU5288544,104,6,,,"triang_1257462371.csv,triang_1710113373.csv,triang_423444393.csv"
653,A352303,A352303,101,17,,,triang_423444393.csv
654,EY1178191,EY1178191,96,11,,,triang_423444393.csv
655,A523626,A523626,95,8,,,"triang_1710113373.csv,triang_423444393.csv"
656,MZ4572153,MZ4572153,85,8,,,"triang_1710113373.csv,triang_423444393.csv"
657,NX1702003,NX1702003,81,11,,,triang_423444393.csv
658,EG4659735,EG4659735,81,17,,,triang_423444393.csv
659,GV6618173,GV6618173,76,6,,,"triang_1710113373.csv,triang_423444393.csv"
660,EC2458000,EC2458000,76,6,,,"triang_1710113373.csv,triang_423444393.csv"
661,YJ3410818,YJ3410818,65,6,,,"triang_1710113373.csv,triang_423444393.csv"
662,WX5504741,WX5504741,46,3,,,"triang_1257462371.csv,triang_1710113373.csv,triang_423444393.csv"
663,AZ7506068,AZ7506068,43,6,,,triang_423444393.csv
664,LP3427913,LP3427913,37,3,,,"triang_137266628.csv,triang_1710113373.csv,triang_423444393.csv"
665,RA1134405,RA1134405,35,3,,,"triang_1257462371.csv,triang_1710113373.csv,triang_423444393.csv"
666,A744799,A744799,35,3,,,"triang_1257462371.csv,triang_1710113373.csv,triang_423444393.csv"
667,SQ2802221,SQ2802221,26,3,,,triang_423444393.csv
668,KW2499776,KW2499776,23,3,,,triang_423444393.csv
669,ZJ1804225,ZJ1804225,20,3,,,triang_423444393.csv
670,PU8777721,PU8777721,17,2,,,"triang_1710113373.csv,triang_423444393.csv"
671,HB5029531,HB5029531,17,2,,,"triang_1710113373.csv,triang_423444393.csv"
672,ZR5949251,ZR5949251,12,1,,,triang_423444393.csv
673,AU8369177,AU8369177,12,1,,,triang_423444393.csv
674,A783737,A783737,11,1,,,triang_423444393.csv
675,A108835,A108835,11,1,,,triang_423444393.csv
676,DC6318279,DC6318279,0,6,,,triang_423444393.csv
677,JQ9823370,JQ9823370,0,6,,,triang_423444393.csv
678,MX2414682,MX2414682,0,0,,,
679,RE7103788,RE7103788,0,12,,,"triang_1710113373.csv,triang_423444393.csv"
680,A858780,A858780,0,6,,,triang_423444393.csv
681,LJ5929916,LJ5929916,0,12,,,triang_423444393.csv
682,ZB6773423,ZB6773423,0,6,,,triang_423444393.csv
683,NP6280720,NP6280720,0,6,,,triang_423444393.csv
684,M212551,M212551,0,12,,,"triang_1710113373.csv,triang_423444393.csv"
685,CE4827790,CE4827790,0,6,,,triang_423444393.csv
686,CA1518345,CA1518345,0,6,,,triang_423444393.csv
